jurisdiction,llm_text,llm_year,human_effective,human_effective_year,year_match
Antigua and Barbuda,Historical programme launched 2020; official portal currently says programme has ended.,2020.0,2020,2020,True
Argentina,"Disposición 758/2022, sanctioned 10 May 2022; published 11 May 2022.",2022.0,2022-05,2022,True
Barbados,Welcome Stamp announced 30 June 2020.,2020.0,2020,2020,True
Brazil,Normative Resolution No. 45/2021.,2021.0,1/24/22,2022,False
Estonia,Digital Nomad Visa introduced 2020.,2020.0,2020-08,2020,True
Japan,MOFA announced specified-activity digital-nomad visa 31 Mar 2024.,2024.0,4/1/24,2024,True
Bermuda,One Year Residential Certificate policy; exact effective date requires policy PDF.,,2020,2020,
Croatia,Current Ministry of Interior digital-nomad route; current rules incorporate Official Gazette 3/26 subsistence calculation.,,1/1/21,2021,
Hungary,White Card route introduced 2021/2022; current NDGAP factsheet operative.,,2021-11,2021,
