country,iso3,qualifying_program_found,program_name,program_type,program_url,legal_or_official_basis,announcement_date,launch_or_effective_date,status_during_observation_period,discovery_evidence_span,discovery_source_title,discovery_source_institution,discovery_source_url,source_publication_date,source_access_date,primary_or_secondary_source,Unnamed: 17,qualifying,announcement_precision,effective_precision,announcement_date_parsed,effective_date,adoption_year,adoption_month,first_full_exposure_year,calendar_year_exposure
Afghanistan,AFG,no,,,,,,,,,Guidance for Certain Afghan Nationals to Maintain Parole and Employment Authorization for up to Two Years | USCIS,U.S. Citizenship and Immigration Services,https://www.uscis.gov/i-9-central/special-employment-categories/guidance-for-certain-afghan-nationals-to-maintain-parole-and-employment-authorization-for-up-to-two,,8/11/26,primary,,False,missing,missing,,,,,,
Albania,ALB,no,,,,,,,,2022-2026,"Albania Digital Nomad Visa 2026: Requirements, Costs & How to Apply in July 2026 | Citizen Remote",Citizen Remote,https://citizenremote.com/visas/albania-digital-nomad-visa,,8/11/26,secondary,,False,missing,missing,,,,,,
Algeria,DZA,no,,,,,,,,,Algeria International Travel Information,U.S. Department of State,https://travel.state.gov/content/travel/en/international-travel/International-Travel-Country-Information-Pages/Algeria.html,,8/11/26,secondary,,False,missing,missing,,,,,,
American Samoa,ASM,no,,,,,,,,,Know Before You Go - National Park of American Samoa,U.S. National Park Service,https://www.nps.gov/npsa/planyourvisit/know-before-you-go.htm,,8/11/26,secondary,,False,missing,missing,,,,,,
Andorra,AND,no,,,,,,,,,Investment Opportunities in Andorra - United States Department of State,United States Department of State,https://2021-2025.state.gov/direct-line-for-american-business/investment-opportunities-in-andorra,,8/11/26,secondary,,False,missing,missing,,,,,,
Angola,AGO,no,,,,,,,,,Digital Nomad Visa Countries - Official Requirements | TripPlugin,TripPlugin,https://tripplugin.com/digital-nomad-visa,,8/11/26,secondary,,False,missing,missing,,,,,,
Antigua and Barbuda,ATG,yes,Nomad Digital Residence Visa,Digital Nomad Visa / Residence Permit,,,2020,2020,active,2020-2025,Antigua and Barbuda - United States Department of State,United States Department of State,https://www.state.gov/reports/2025-investment-climate-statements/antigua-and-barbuda,2025,8/11/26,primary,,True,year,year,2020-01-01,2020-01-01,2020,1,,2020
Argentina,ARG,yes,Digital Nomad Visa,Digital Nomad Visa / Temporary Residence,https://ctoro.cancilleria.gob.ar/en/visa-digital-nomads,"Disposición 758/2022, Article 24(h) of Migration Law 25,871",2022-05,2022-05,active,2022-2026,Visa for Digital Nomads,Consulate General in Toronto Argentine Republic,https://ctoro.cancilleria.gob.ar/en/visa-digital-nomads,,8/11/26,primary,,True,month,month,2022-05-01,2022-05-01,2022,5,2023,2022
Armenia,ARM,no,,,,,,,,,Investment Climate Statements: Custom Report Excerpts,U.S. Department of State,https://www.state.gov/report/custom/7ec665f7e5,,8/11/26,secondary,,False,missing,missing,,,,,,
Aruba,ABW,no,,,,,,,,,Digital Nomad Visa For Aruba | Citizen Remote,Citizen Remote,https://citizenremote.com/visas/aruba,,8/11/26,secondary,,False,missing,missing,,,,,,
Australia,AUS,no,,,,,,,,,About Australia | Australian Government,Department of Foreign Affairs and Trade,https://www.dfat.gov.au/about-australia,,8/11/26,primary,,False,missing,missing,,,,,,
Austria,AUT,no,,,,,,,,2026,Working remotely from Austria in 2026: what the Red-White-Red Card can (and can't) do for you,Remote Work Europe,https://remoteworkeurope.eu/insights/austria-red-white-red-card-remote-work,2026,8/11/26,secondary,,False,missing,missing,,,,,,
Azerbaijan,AZE,no,,,,,,,,,State Migration Service,State Migration Service of the Republic of Azerbaijan,https://migration.gov.az/en/page/75,,8/11/26,primary,,False,missing,missing,,,,,,
Bahrain,BHR,no,,,,,,,,,Investment Climate Statements: Custom Report Excerpts,U.S. Department of State,https://www.state.gov/report/custom/7ec665f7e5,,8/11/26,secondary,,False,missing,missing,,,,,,
Bangladesh,BGD,no,,,,,,,,,"Visa - Consulate General of the People's Republic of Bangladesh, Dubai","Consulate General of the People's Republic of Bangladesh, Dubai",https://bcgdubai.gov.bd/visa-consulate-general-of-the-peoples-republic-of-bangladesh-dubai,,8/11/26,primary,,False,missing,missing,,,,,,
Barbados,BRB,yes,Barbados Welcome Stamp,Digital Nomad Visa,,"Remote Employment Act, 2020",2020-07,2020,active,2020-2026,Barbados - United States Department of State,United States Department of State,https://2021-2025.state.gov/reports/2024-investment-climate-statements/barbados,,8/11/26,primary,,True,month,year,2020-07-01,2020-01-01,2020,1,,2020
Belarus,BLR,no,,,,,,,,,"Travel Visas, Belarus | Belarus.by",Official website of the Republic of Belarus,https://www.belarus.by/en/travel/travel-visas,,8/11/26,secondary,,False,missing,missing,,,,,,
Belgium,BEL,no,,,,,,,,,Belgium Digital Nomad Visa in July 2026 | Citizen Remote,Citizen Remote,https://citizenremote.com/visas/belgium-digital-nomad-visa,,8/11/26,secondary,,False,missing,missing,,,,,,
Belize,BLZ,no,,,,,,,,,"Belize Digital Nomad Visa: Requirements, Income & How to Apply | Citizen Remote",Citizen Remote,https://citizenremote.com/visas/belize-digital-nomad-visa,,8/11/26,secondary,,False,missing,missing,,,,,,
Benin,BEN,no,,,,,,,,2026,Benin Work Permits & Visas: Types & How to Sponsor,Playroll,https://www.playroll.com/work-permit-visas/benin,,8/11/26,secondary,,False,missing,missing,,,,,,
Bermuda,BMU,yes,Work from Bermuda Certificate,Digital Nomad Visa / Residence Permit,,,2020,2020,active,2020-2026,Digital Nomadism: the nexus of remote working and travel mobility,National Institutes of Health (PMC),https://pmc.ncbi.nlm.nih.gov/articles/PMC7561234,2020,8/11/26,primary,,True,year,year,2020-01-01,2020-01-01,2020,1,,2020
Bhutan,BTN,no,,,,,,,,,S.H. v. THE UNITED KINGDOM,European Court of Human Rights,https://hudoc.echr.coe.int/eng?i=001-99407,,8/11/26,secondary,,False,missing,missing,,,,,,
Bolivia,BOL,no,,,,,,,,2026,"Working Visa Bolivia 2026: Employer Work Permits, 10% Flat Tax, No Digital Nomad Visa",GoResident,https://goresident.com/working-visa/bolivia,,8/11/26,secondary,,False,missing,missing,,,,,,
Bosnia and Herzegovina,BIH,no,,,,,,,,2026,Residence Permits and Work Options - Bosnia and Herzegovina 2026,TaxRavens,https://taxravens.com/en/bosnia-and-herzegovina/residence-work-permits,,8/11/26,secondary,,False,missing,missing,,,,,,
Botswana,BWA,no,,,,,,,,,Botswana - Business Travel,International Trade Administration,https://www.trade.gov/country-commercial-guides/botswana-business-travel,,8/11/26,secondary,,False,missing,missing,,,,,,
Brazil,BRA,yes,VITEM XIV,Digital Nomad Visa,,Normative Resolution No. 45/2021,2021,1/24/22,active,2021-2026,Brazil Digital Nomad Visa Requirements 2026: Checklist,GetBrazilVisa,https://getbrazilvisa.com/requirements-digital-nomad-visa-brazil,2026,8/11/26,primary,,True,year,day,2021-01-01,2022-01-24,2022,1,2022,2022
British Virgin Islands,VGB,no,,,,,,,,,2024 Investment Climate Statements: Antigua and Barbuda,U.S. Department of State,https://2021-2025.state.gov/reports/2024-investment-climate-statements/antigua-and-barbuda,2024,8/11/26,secondary,,False,missing,missing,,,,,,
Brunei Darussalam,BRN,no,,,,,,,,2023-2026,Bringing Digital Nomads and the Highly Skilled into ASEAN,Economic Research Institute for ASEAN and East Asia (ERIA),https://www.eria.org/uploads/Bringing-Digital-Nomads-Highly-Skilled-into-ASEAN-web.pdf,2023-11,8/11/26,secondary,,False,missing,missing,,,,,,
Bulgaria,BGR,yes,Bulgaria Digital Nomad Residence Permit,Digital Nomad Visa / Residence Permit,,Law on Foreigners in the Republic of Bulgaria,2025-12,12/20/25,active,2025-2026,Bulgaria Launches the EU's Latest Digital Nomad Visa,IMI Daily,https://www.imidaily.com/europe/bulgaria-launches-the-eus-latest-digital-nomad-visa,,8/11/26,primary,,True,month,day,2025-12-01,2025-12-20,2025,12,2026,2025
Burkina Faso,BFA,no,,,,,,,,,ilab's sweat & toil and - comply chain apps today!,U.S. Department of Labor,https://www.dol.gov/sites/dolgov/files/ILAB/legacy/files/ChildLaborReport_Book.pdf,,8/11/26,secondary,,False,missing,missing,,,,,,
Burundi,BDI,no,,,,,,,,2026,Burundi Digital Nomad Visa Guide 2026 | Stamped Nomad,Stamped Nomad,https://www.stampednomad.com/guides/burundi,2026,8/11/26,secondary,,False,missing,missing,,,,,,
Cabo Verde,CPV,yes,Remote Working Program,Digital Nomad Visa / Residence Permit,,,2020-12,2020-12,active,2020-2025,"Compliance, WFA, EOR, Visa, Digital Nomad Visa Cabo Verde",Work From Anywhere,https://wfa.team/visa/digital-nomad-visa-cabo-verde,2025-08,8/11/26,primary,,True,month,month,2020-12-01,2020-12-01,2020,12,2021,2020
Cambodia,KHM,no,,,,,,,,,BUSINESS (Type-E) VISA - ROYAL EMBASSY OF CAMBODIA TO THE UNITED STATES OF AMERICA IN WASHINGTON D.C.,Royal Embassy of Cambodia to the United States of America,https://www.embassyofcambodiadc.org/business_visa_type-e.html,2025,8/11/26,primary,,False,missing,missing,,,,,,
Cameroon,CMR,no,,,,,,,,2023-2026,"Official Website Embassy of Cameroon, The Netherlands – ANNOUNCEMENT: The Government of the Republic of Cameroon has launched the electronic visa or E- Visa",Embassy of the Republic of Cameroon in the Kingdom of the Netherlands and the Grand-Duchy of Luxembourg,https://www.cameroon-embassy.nl/communique-the-government-of-the-republic-of-cameroon-has-launched-the-electronic-visa-or-e-visa,,8/11/26,primary,,False,missing,missing,,,,,,
Canada,CAN,no,,,,,,,,2023-2026,Canada Digital Nomad Visa (Remote Work) (2025),Rippling (Secondary Blog),https://www.rippling.com/blog/canada-digital-nomad-visa,2025,8/11/26,secondary,,False,missing,missing,,,,,,
Cayman Islands,CYM,no,,,,,,,,,Rise of remote work across borders: opportunities and ... - PMC,PMC / National Center for Biotechnology Information,https://pmc.ncbi.nlm.nih.gov/articles/PMC11107943,,8/11/26,secondary,,False,missing,missing,,,,,,
Central African Republic,CAF,no,,,,,,,,,Central African Republic - United States Department of State,United States Department of State,https://www.state.gov/reports/2025-trafficking-in-persons-report/central-african-republic,,8/11/26,secondary,,False,missing,missing,,,,,,
Chad,TCD,no,,,,,,,,,"Alert: Update on Visa and Entry Ban for U.S. Citizens – June 12, 2025  - U.S. Embassy in Chad",U.S. Embassy in Chad,https://td.usembassy.gov/alert-update-on-visa-and-entry-ban-for-u-s-citizens-june-12-2025,6/12/25,8/11/26,secondary,,False,missing,missing,,,,,,
Chile,CHL,no,,,,,,,,2021-2026,Work Remotely in Chile on Tourist Visa? 2026 Guide,Is It Legal in Chile,https://isitlegalinchile.com/remote-work,2026,8/11/26,secondary,,False,missing,missing,,,,,,
China,CHN,no,,,,,,,,2026,Digital Nomad In China: Visa And Remote Work Rules,HROne,https://hrone.com/blog/digital-nomads-in-china-is-it-legal-can-you-work-while-traveling,,8/11/26,secondary,,False,missing,missing,,,,,,
Colombia,COL,no,,,,,,,,,"Migration, Advanced Digital Technologies, and the Future of...",National Center for Biotechnology Information / PubMed Central (PMC),https://pmc.ncbi.nlm.nih.gov/articles/PMC13046257,,8/11/26,secondary,,False,missing,missing,,,,,,
Comoros,COM,no,,,,,,,,2026,Comoros Digital Nomad Visa Guide 2026 | Stamped Nomad,Stamped Nomad (Secondary Source),https://www.stampednomad.com/guides/comoros,2026,8/11/26,secondary,,False,missing,missing,,,,,,
"Congo, Dem. Rep.",COD,no,,,,,,,,2026,Democratic Republic of Congo Work Permits & Visas: Types & How to Sponsor,Playroll,https://www.playroll.com/work-permit-visas/democratic-republic-of-congo,,8/11/26,secondary,,False,missing,missing,,,,,,
"Congo, Rep.",COG,no,,,,,,,,2026,Republic of Congo Work Permits & Visas: Types & How to ...,Playroll,https://www.playroll.com/work-permit-visas/republic-of-congo,,8/11/26,secondary,,False,missing,missing,,,,,,
Costa Rica,CRI,no,,,,,,,,,Rise of remote work across borders: opportunities and ... - PMC,PubMed Central / National Institutes of Health,https://pmc.ncbi.nlm.nih.gov/articles/PMC11107943,,8/11/26,secondary,,False,missing,missing,,,,,,
Croatia,HRV,yes,Temporary residence permit for digital nomads,Digital Nomad Residence Permit,,Law on Foreigners (Narodne novine),2021,1/1/21,active,2021-2026,"Croatia Digital Nomad Visa 2026: Requirements, Costs, and How to Apply",Remote Work Europe,https://remoteworkeurope.eu/insights/croatia-digital-nomad-visa,2026,8/11/26,primary,,True,year,day,2021-01-01,2021-01-01,2021,1,2021,2021
Cuba,CUB,no,,,,,,,,,Cuba Work Permits & Visas: Types & How to Sponsor,Playroll,https://www.playroll.com/work-permit-visas/cuba,,8/11/26,secondary,,False,missing,missing,,,,,,
Cyprus,CYP,no,,,,,,,,,Migration and mobility of third-country national labour workers ...,National Center for Biotechnology Information (Secondary citation of general immigration reference),https://pmc.ncbi.nlm.nih.gov/articles/PMC8154112,,8/11/26,secondary,,False,missing,missing,,,,,,
Czechia,CZE,no,,,,,,,,,MIGRATION POLICY PRACTICE,International Organization for Migration (IOM),https://publications.iom.int/system/files/pdf/pub2025-031-el-mpp-7th-issue.pdf,2025-09,8/11/26,secondary,,False,missing,missing,,,,,,
Denmark,DNK,no,,,,,,,,,Visas - U.S. Embassy & Consulate in the Kingdom of Denmark,U.S. Embassy & Consulate in the Kingdom of Denmark,https://dk.usembassy.gov/visas,,8/11/26,secondary,,False,missing,missing,,,,,,
Djibouti,DJI,no,,,,,,,,,E-visa to Facilitate Travel in Djibouti,International Organization for Migration (IOM),https://www.iom.int/news/e-visa-facilitate-travel-djibouti,,8/11/26,secondary,,False,missing,missing,,,,,,
Dominica,DMA,yes,Work in Nature (WIN) Visa,Digital Nomad Visa,https://citizenremote.com/visas/dominica,,2021-04,2021-04,,2021-2026,Digital Nomad Visa for Dominica,Citizen Remote,https://citizenremote.com/visas/dominica,,8/11/26,primary,,True,month,month,2021-04-01,2021-04-01,2021,4,2022,2021
Dominican Republic,DOM,no,,,,,,,,,C ONTENTS MIGRATION POLICY PRACTICE,International Organization for Migration,https://publications.iom.int/system/files/pdf/pub2025-031-el-mpp-7th-issue.pdf,2025,8/11/26,secondary,,False,missing,missing,,,,,,
Ecuador,ECU,yes,Visa de Residencia Temporal Rentista Para Trabajo Remoto,Digital Nomad Visa / Temporary Residence Permit,,,2022-06,2022-06,active,2022-2026,Ecuador Digital Nomad Visa (Rentista) in June 2026,Citizen Remote,https://citizenremote.com/visas/ecuador-digital-nomad-visa,,8/11/26,primary,,True,month,month,2022-06-01,2022-06-01,2022,6,2023,2022
"Egypt, Arab Rep.",EGY,no,,,,,,,,,Digital Nomad Visa Countries - Official Requirements | TripPlugin,TripPlugin,https://tripplugin.com/digital-nomad-visa,,8/11/26,secondary,,False,missing,missing,,,,,,
El Salvador,SLV,no,,,,,,,,,El Salvador Digital Nomad Visa 2025 | Work Remotely in Central America | Citizen Remote,Citizen Remote,https://citizenremote.com/visas/el-salvador-digital-nomad-visa,,8/11/26,secondary,,False,missing,missing,,,,,,
Equatorial Guinea,GNQ,no,,,,,,,,2023-2026,Equatorial Guinea Work Permits & Visas: Types & How to Sponsor,Playroll,https://www.playroll.com/work-permit-visas/equatorial-guinea,,8/11/26,secondary,,False,missing,missing,,,,,,
Eritrea,ERI,no,,,,,,,,2026,Eritrea for Digital Nomads 2026: A Closed-Country Reality,Stamped Nomad,https://www.stampednomad.com/guides/eritrea,2026,8/11/26,secondary,,False,missing,missing,,,,,,
Estonia,EST,yes,Estonian Digital Nomad Visa,Long-term D-visa,,Aliens Act,2020,2020-08,active,2020-2026,Estonia Digital Nomad Visa: 2026 Guide for Enterprises,Jobbatical,https://www.jobbatical.com/blog/estonia-digital-nomad-visa-income-requirement-immigration-quota,,8/11/26,primary,,True,year,month,2020-01-01,2020-08-01,2020,8,2021,2020
Eswatini,SWZ,no,,,,,,,,2026,Visa,"Ministry of Home Affairs, Government of the Kingdom of Eswatini",https://www.gov.sz/index.php/services-sp-22242747/visa,,8/11/26,primary,,False,missing,missing,,,,,,
Ethiopia,ETH,no,,,,,,,,2026,Online (e-Visa) – Embassy of Ethiopia,Embassy of Ethiopia,https://ethiopianembassy.be?page_id=10346,,8/11/26,primary,,False,missing,missing,,,,,,
Fiji,FJI,no,,,,,,,No digital nomad visa policy available; remote workers typically use tourist entries or standard work permits.,2025-2026,Work in Fiji – Ministry of Immigration,Fiji Ministry of Immigration,https://www.immigration.gov.fj/work-in-fiji,,8/11/26,primary,,False,missing,missing,,,,,,
Finland,FIN,no,,,,,,,,,Living in Finland - U.S. Embassy in Finland,U.S. Embassy in Finland,https://fi.usembassy.gov/living-in-finland,,8/11/26,secondary,,False,missing,missing,,,,,,
France,FRA,no,,,,,,,,2025-2026,France Visa Options for Remote Workers (2026): HR Guide,Jobbatical,https://www.jobbatical.com/blog/france-remote-work-visas-for-employers,,8/11/26,secondary,,False,missing,missing,,,,,,
French Polynesia,PYF,no,,,,,,,,,Digital nomad visa: the complete guide - France Immigration,France Immigration,https://www.france-immigration.com/en/expert-articles/digital-nomad-visas-the-complete-guide,,8/11/26,secondary,,False,missing,missing,,,,,,
"Gambia, The",GMB,no,,,,,,,,,Visas - U.S. Embassy in The Gambia,U.S. Department of State,https://gm.usembassy.gov/visas-2,,8/11/26,secondary,,False,missing,missing,,,,,,
Georgia,GEO,no,,,,,,,,,"Georgia Digital Nomad Visa 2026 | Stay, Work & Live Remotely for 1 Year | Citizen Remote",Citizen Remote,https://citizenremote.com/visas/georgia-digital-nomad-visa,,8/11/26,secondary,,False,missing,missing,,,,,,
Germany,DEU,no,,,,,,,,,Rise of remote work across borders: opportunities and ... - PMC,PMC / National Institutes of Health,https://pmc.ncbi.nlm.nih.gov/articles/PMC11107943,,8/11/26,secondary,,False,missing,missing,,,,,,
Ghana,GHA,no,,,,,,,,,Child Labor Report Book (U.S. Department of Labor),U.S. Department of Labor,https://www.dol.gov/sites/dolgov/files/ILAB/legacy/files/ChildLaborReport_Book.pdf,,8/11/26,secondary,,False,missing,missing,,,,,,
Greece,GRC,yes,Digital Nomad Visa,National Visa / Residence Permit,https://www.mimigration.gov.gr,Law 5275/2026,2021-09,2021-09,active,2021-2026,Digital Nomad Visa Greece | Global Law Experts,Global Law Experts,https://globallawexperts.com/digital-nomad-visa-greece,2026-08,8/11/26,primary,,True,month,month,2021-09-01,2021-09-01,2021,9,2022,2021
Grenada,GRD,no,,,,,,,,,Grenada Digital Nomad Visa: Apply in 4 Simple Steps - Nomads Embassy,Nomads Embassy,https://nomadsembassy.com/grenada-digital-nomad-visa,4/22/24,8/11/26,secondary,,False,missing,missing,,,,,,
Guam,GUM,no,,,,,,,,,"GAO-08-466, Commonwealth of the Northern Mariana Islands: Pending Legislation Would Apply U.S. Immigration Law to the CNMI with a Transition Period",U.S. Government Accountability Office,https://www.gao.gov/assets/a274135.html,,8/11/26,secondary,,False,missing,missing,,,,,,
Guatemala,GTM,yes,Temporary Residence for Workers with Foreign Employers,Temporary Residence Permit,https://livinginguatemala.com/tramites/igm-residencia-nomada-digital,Acuerdo IGM-016-2025 and Acuerdo IGM-017-2025,2025-11,10/8/25,active,2025-2026,Guatemala Digital Nomad Visa 2026: Direct Access IGM + How to Apply,Living in Guatemala,https://livinginguatemala.com/tramites/igm-residencia-nomada-digital,,8/11/26,primary,,True,month,day,2025-11-01,2025-10-08,2025,10,2026,2025
Guinea,GIN,no,,,,,,,,,GUINEA,Baofils,https://baofils.com/wp-content/uploads/2024/07/010_Guinea_Immigration.pdf,2024,8/11/26,secondary,,False,missing,missing,,,,,,
Guinea-Bissau,GNB,no,,,,,,,,2026,Guinea-Bissau Digital Nomad Visa Guide | Stamped Nomad,Stamped Nomad,https://www.stampednomad.com/guides/guinea-bissau,,8/11/26,secondary,,False,missing,missing,,,,,,
Guyana,GUY,no,,,,,,,,,Guyana for Digital Nomads 2026: Honest Guide,592Hub,https://592hub.com/blog/guyana-digital-nomads.html,,8/11/26,secondary,,False,missing,missing,,,,,,
Haiti,HTI,no,,,,,,,,,Haiti Work Permits & Visas: Types & How to Sponsor,Playroll (Secondary Source),https://www.playroll.com/work-permit-visas/haiti,,8/11/26,secondary,,False,missing,missing,,,,,,
Honduras,HND,no,,,,,,,,2025-2026,Honduras Work Permits & Visas: Types & How to Sponsor,Playroll,https://www.playroll.com/work-permit-visas/honduras,,8/11/26,secondary,,False,missing,missing,,,,,,
"Hong Kong SAR, China",HKG,no,,,,,,,,,Hong Kong digital nomad visa: How to get it? - Holafly,Holafly,https://esim.holafly.com/visas/hong-kong-digital-nomad-visa,,8/11/26,secondary,,False,missing,missing,,,,,,
Hungary,HUN,yes,White Card,Digital Nomad Visa / Residence Permit,,,2021,2021-11,active,2021-2026,Digital Nomad Visa In Hungary (White Card) • Gurcan Partners,Gurcan Partners,https://gurcanpartners.com/blog/white-card-application-in-hungary,,8/11/26,primary,,True,year,month,2021-01-01,2021-11-01,2021,11,2022,2021
Iceland,ISL,yes,Long-Term Visa for Remote Workers,Digital Nomad Visa,https://www.island.is,Foreign Nationals Act / Directorate of Immigration Regulations,2020,2020-10,active,2020-2026,Iceland Digital Nomad Visa | Work Remotely in Iceland for 180 Days | Citizen Remote,Citizen Remote,https://citizenremote.com/visas/iceland-digital-nomad-visa,,8/11/26,primary,,True,year,month,2020-01-01,2020-10-01,2020,10,2021,2020
India,IND,no,,,,,,,,,C ONTENTS MIGRATION POLICY PRACTICE,International Organization for Migration (IOM),https://publications.iom.int/system/files/pdf/pub2025-031-el-mpp-7th-issue.pdf,2025,8/11/26,secondary,,False,missing,missing,,,,,,
Indonesia,IDN,no,,,,,,,,,Evidence of the digital nomad phenomenon - PMC - NIH,National Institutes of Health (PMC),https://pmc.ncbi.nlm.nih.gov/articles/PMC11387329,,8/11/26,secondary,,False,missing,missing,,,,,,
"Iran, Islamic Rep.",IRN,no,,,,,,,,,Digital Nomad Visa Countries for Americans: Top Options,Greenback Tax Services,https://www.greenbacktaxservices.com/blog/digital-nomad-visa-countries,,8/11/26,secondary,,False,missing,missing,,,,,,
Iraq,IRQ,no,,,,,,,,,Visa – Ministry of Foreign Affairs of the Republic of IRAQ,Ministry of Foreign Affairs of the Republic of Iraq,https://mofa.gov.iq/visa,,8/11/26,primary,,False,missing,missing,,,,,,
Ireland,IRL,no,,,,,,,,,Ireland Digital Nomad Visa: New Self-Service Portal,Atlas HXM,https://www.atlashxm.com/resources/Ireland-digital-nomad-visa,,8/11/26,secondary,,False,missing,missing,,,,,,
Israel,ISR,no,,,,,,,,2024-2026,Work Visas,Population and Immigration Authority (PIBA),https://www.tel-aviv.gov.il/en/WorkAndStudy/Pages/Work-Visas.aspx,,8/11/26,primary,,False,missing,missing,,,,,,
Italy,ITA,no,,,,,,,,,Rise of remote work across borders: opportunities and ... - PMC,PubMed Central / National Institutes of Health,https://pmc.ncbi.nlm.nih.gov/articles/PMC11107943,,8/11/26,secondary,,False,missing,missing,,,,,,
Jamaica,JAM,no,,,,,,,,,Jamaica: The Complete Guide for Digital Nomads - HUMAN Wrote,Digital Nomad Lifestyle (Secondary Source),https://digitalnomadlifestyle.com/the-complete-digital-nomad-guide-to-jamaica-2,,8/11/26,secondary,,False,missing,missing,,,,,,
Japan,JPN,yes,Designated Activities (Digital Nomad),Digital Nomad Visa,https://www.japan.travel/en/ca/news/digital-nomad-visa,Immigration Control and Refugee Recognition Act (Notice No. 53),2024,4/1/24,active,2024-2026,Japan Introduces New Visa for Digital Nomads,Japan National Tourism Organization,https://www.japan.travel/en/ca/news/digital-nomad-visa,,8/11/26,primary,,True,year,day,2024-01-01,2024-04-01,2024,4,2025,2024
Jordan,JOR,no,,,,,,,,2026,Jordan Work Permits & Visas: Types & How to Sponsor,Playroll,https://www.playroll.com/work-permit-visas/jordan,,8/11/26,secondary,,False,missing,missing,,,,,,
Kazakhstan,KAZ,yes,Neo Nomad visa,Digital Nomad Visa,,,,,,2025-2026,Kazakhstan - Business Travel,International Trade Administration (U.S. Department of Commerce),https://www.trade.gov/country-commercial-guides/kazakhstan-business-travel,,8/11/26,primary,,True,missing,missing,,,,,,
Kenya,KEN,no,,,,,,,,,Migration and Health Study Report,African Union,https://au.int/sites/default/files/documents/41748-doc-Study_Report-Migration_and_Health-From_Policy_to_Practice_ENG.pdf,,8/11/26,secondary,,False,missing,missing,,,,,,
Kiribati,KIR,no,,,,,,,,,Immigration – Ministry of Foreign Affairs & Immigration,"Ministry of Foreign Affairs & Immigration, Kiribati",https://www.mfa.gov.ki/immigration,,8/11/26,primary,,False,missing,missing,,,,,,
"Korea, Rep.",KOR,yes,Digital Nomad (Workation) Visa (F-1-D),Digital Nomad Visa / Residence Permit,,,1/1/24,6/30/26,active,2024-2026,The Republic of Korea Expands Digital Nomad Visa Expansion,"Envoy Global, Inc.",https://www.envoyglobal.com/news-alert/the-republic-of-korea-expands-digital-nomad-visa-expansion,7/17/26,8/11/26,primary,,True,day,day,2024-01-01,2026-06-30,2026,6,2027,2026
Kuwait,KWT,no,,,,,,,,,Kuwait Work Permits & Visas: Types & How to Sponsor,Playroll,https://www.playroll.com/work-permit-visas/kuwait,,8/11/26,secondary,,False,missing,missing,,,,,,
Kyrgyz Republic,KGZ,yes,Digital Nomad,Digital Nomad Status,https://kyrgyzstan.iom.int/resources/migration-situation-report-july-december-2025,Decree of the Cabinet of Ministers of the Kyrgyz Republic,2025,2025,Active,2025,MIGRATION SITUATION REPORT JULY–DECEMBER 2025,International Organization for Migration (IOM),https://kyrgyzstan.iom.int/resources/migration-situation-report-july-december-2025,2025,8/11/26,primary,,True,year,year,2025-01-01,2025-01-01,2025,1,,2025
Lao PDR,LAO,no,,,,,,,,,Investment Climate Statements: Custom Report Excerpts - United States Department of State,United States Department of State,https://www.state.gov/report/custom/5f7f8146b1,,8/11/26,secondary,,False,missing,missing,,,,,,
Latvia,LVA,no,,,,,,,,,Rise of remote work across borders: opportunities and ... - PMC,PMC / NCBI,https://pmc.ncbi.nlm.nih.gov/articles/PMC11107943,,8/11/26,secondary,,False,missing,missing,,,,,,
Lebanon,LBN,no,,,,,,,,,C ONTENTS MIGRATION POLICY PRACTICE,International Organization for Migration (IOM),https://publications.iom.int/system/files/pdf/pub2025-031-el-mpp-7th-issue.pdf,2025,8/11/26,secondary,,False,missing,missing,,,,,,
Lesotho,LSO,no,,,,,,,,,ilab's sweat & toil and - comply chain apps today!,U.S. Department of Labor,https://www.dol.gov/sites/dolgov/files/ILAB/legacy/files/ChildLaborReport_Book.pdf,,8/11/26,secondary,,False,missing,missing,,,,,,
Lithuania,LTU,no,,,,,,,,,"Displacement, integration, and return: What remote work possibilities for Ukrainians?",ReliefWeb,https://reliefweb.int/report/ukraine/displacement-integration-and-return-what-remote-work-possibilities-ukrainians,,8/11/26,secondary,,False,missing,missing,,,,,,
Luxembourg,LUX,no,,,,,,,,,Visit World - Luxembourg Immigration for Cameroonians – Work Visa and Employment Opportunities,Visit World (Secondary Source),https://visitworld.today/luxembourg/cameroon-citizenship/work,,8/11/26,secondary,,False,missing,missing,,,,,,
"Macao SAR, China",MAC,no,,,,,,,,,Digital Nomad Visas for Remote Work: The Complete 2026,Deel Blog,https://www.deel.com/blog/remote-work-visas,,8/11/26,secondary,,False,missing,missing,,,,,,
Madagascar,MDG,no,,,,,,,,2026,5 Considerations for Remote Work in Madagascar: A Digital Nomad's Guide - Voky Be,Voky Be,https://vokybe.com/5-considerations-for-remote-work-in-madagascar-a-digital-nomads-guide,,8/11/26,secondary,,False,missing,missing,,,,,,
Malawi,MWI,no,,,,,,,,,Visa – Department of Immigration. Republic of Malawi,"Department of Immigration and Citizenship Services, Malawi",https://www.immigration.gov.mw/visa,,8/11/26,primary,,False,missing,missing,,,,,,
Malaysia,MYS,yes,DE Rantau Nomad Pass,Digital Nomad Visa / Residence Permit,,,2022-10,2022-10,active,2022-2026,Who Can Apply for the Malaysia Digital Nomad Visa? (29+ Remote Positions),Nomad Embassy,https://nomadsembassy.com/who-can-apply-for-the-malaysia-digital-nomad-visa,,8/11/26,primary,,True,month,month,2022-10-01,2022-10-01,2022,10,2023,2022
Maldives,MDV,no,,,,,,,,,Work Visa Service | Maldives Immigration,Maldives Immigration,https://immigration.gov.mv/visa/work-visa,,8/11/26,primary,,False,missing,missing,,,,,,
Mali,MLI,no,,,,,,,,,Visas - U.S. Embassy in Mali,U.S. Embassy in Mali,https://ml.usembassy.gov/visas,,8/11/26,secondary,,False,missing,missing,,,,,,
Malta,MLT,no,,,,,,,,,C ONTENTS MIGRATION POLICY PRACTICE,International Organization for Migration (IOM),https://publications.iom.int/system/files/pdf/pub2025-031-el-mpp-7th-issue.pdf,2025,8/11/26,secondary,,False,missing,missing,,,,,,
Marshall Islands,MHL,no,,,,,,,,,"Marshall Islands Work Permit / Work Visa (Work): Requirements, Fees, Processing Time & How to Apply – DesiNRI Visa Portal",DesiNRI Visa Portal (Secondary Source),https://desinri.com/visa/marshall-islands-work-permit-work-visa-work-requirements-fees-processing-time-how-to-apply,,8/11/26,secondary,,False,missing,missing,,,,,,
Mauritius,MUS,yes,Premium Visa,Digital Nomad Visa / Residence Permit,https://www.edbmauritius.org,Government of Mauritius Premium Travel Visa initiative,2020-10,2020-10,active,2020-2026,Mauritius Digital Nomad Visa: Remote Work in Paradise in 2026,Nomadic Expert,https://www.nomadicexpert.com/visa-guides/digital-nomad-visa-mauritius,2026,8/11/26,primary,,True,month,month,2020-10-01,2020-10-01,2020,10,2021,2020
Mexico,MEX,no,,,,,,,,2025-2026,Remote Work Visa Regulations in Mexico,Payroll Mexico (Secondary Source),https://www.payrollmexico.com/insights/remote-work-visa-regulations-mexico,,8/11/26,secondary,,False,missing,missing,,,,,,
"Micronesia, Fed. Sts.",FSM,no,,,,,,,,,Digital Nomad Visa Indonesia – Remote Work Legally,PNB Immigration Law Firm,https://www.pnbimmigrationlawfirm.com/services/work-permit-and-stay-permit/digital-nomad-visa-indonesia,,8/11/26,secondary,,False,missing,missing,,,,,,
Moldova,MDA,yes,Moldova Digital Nomad Visa,Digital Nomad Visa / Residence Permit,,Amendments to regulations governing online commerce and the remote work market proposed by the Ministry of Economic Development and Digitalization,9/20/25,9/20/25,active,2024-2026,Moldova Launches Digital Nomad Visa to Attract Global Talent,Erickson Immigration Group,https://eiglaw.com/moldova-launches-digital-nomad-visa-to-attract-global-talent,,8/11/26,primary,,True,day,day,2025-09-20,2025-09-20,2025,9,2026,2025
Monaco,MCO,no,,,,,,,,,Digital nomad visa: the complete guide - France Immigration,France Immigration (Secondary),https://www.france-immigration.com/en/expert-articles/digital-nomad-visas-the-complete-guide,,8/11/26,secondary,,False,missing,missing,,,,,,
Mongolia,MNG,no,,,,,,,,,Driving the Future!,WIPO / Gerege Systems LLC,https://www.wipo.int/edocs/mdocs/mdocs/en/wipo_ip_conv_ge_2_23/wipo_ip_conv_ge_2_23_p2_5.pdf,,8/11/26,secondary,,False,missing,missing,,,,,,
Montenegro,MNE,yes,Programme for Attracting Digital Nomads in Montenegro,Digital Nomad Visa / Residence Permit,,Law on Foreigners,2021,2021,,2021-2025,MIGRATION GOVERNANCE INDICATORS,International Organization for Migration (IOM),https://www.iom.int/sites/g/files/tmzbdl486/files/documents/2023-09/pub2023-048-el-mgi-montenegro.pdf,2023-09,8/11/26,primary,,True,year,year,2021-01-01,2021-01-01,2021,1,,2021
Morocco,MAR,no,,,,,,,,,MIGRATION POLICY PRACTICE,International Organization for Migration (IOM),https://publications.iom.int/system/files/pdf/pub2025-031-el-mpp-7th-issue.pdf,2025-09,8/11/26,secondary,,False,missing,missing,,,,,,
Mozambique,MOZ,no,,,,,,,,,C ONTENTS MIGRATION POLICY PRACTICE,International Organization for Migration (IOM),https://publications.iom.int/system/files/pdf/pub2025-031-el-mpp-7th-issue.pdf,2025,8/11/26,secondary,,False,missing,missing,,,,,,
Myanmar,MMR,no,,,,,,,,,E-Visa,"Consulate-General of the Republic of the Union of Myanmar, Los Angeles",https://myanmarcgla.org/index.php/visa/e-visa,,8/11/26,primary,,False,missing,missing,,,,,,
Namibia,NAM,yes,Namibia Digital Nomad Visa,Digital Nomad Visa,,,2022-10,2022-10,active,2022-2026,Namibia: Remote Work Visa Introduced,"Fragomen, Del Rey, Bernsen & Loewy LLP",https://www.fragomen.com/insights/namibia-remote-work-visa-introduced.html,10/14/22,8/11/26,primary,,True,month,month,2022-10-01,2022-10-01,2022,10,2023,2022
Nauru,NRU,no,,,,,,,,,Moral injury related to immigration detention on Nauru: a qualitative study,National Center for Biotechnology Information,https://pmc.ncbi.nlm.nih.gov/articles/PMC8881073,,8/11/26,secondary,,False,missing,missing,,,,,,
Nepal,NPL,yes,Nepal Digital Nomad Visa,Digital Nomad Visa,https://www.attorneynepal.com/blog/nepal-digital-nomad-visa,Economic Reform Implementing Work Plan 2025,2025-05,2026,announced_but_inactive,2025-2026,Nepal Digital Nomad Visa,Attorney Nepal,https://www.attorneynepal.com/blog/nepal-digital-nomad-visa,,8/11/26,primary,,True,month,year,2025-05-01,2026-01-01,2026,1,,2026
New Caledonia,NCL,no,,,,,,,,,Travel Advisories - State Department,United States Department of State,https://travel.state.gov/en/international-travel/travel-advisories.html,5/21/26,8/11/26,secondary,,False,missing,missing,,,,,,
New Zealand,NZL,no,,,,,,,,,ilab's sweat & toil and - comply chain apps today!,Bureau of International Labor Affairs / Department of Labor,https://www.dol.gov/sites/dolgov/files/ILAB/legacy/files/ChildLaborReport_Book.pdf,,8/11/26,secondary,,False,missing,missing,,,,,,
Nicaragua,NIC,no,,,,,,,,,Evidence of the digital nomad phenomenon - PMC - NIH,National Institutes of Health (PMC),https://pmc.ncbi.nlm.nih.gov/articles/PMC11387329,,8/11/26,secondary,,False,missing,missing,,,,,,
Niger,NER,no,,,,,,,,2026,Niger Work Permits & Visas: Types & How to Sponsor,Playroll,https://www.playroll.com/work-permit-visas/niger,,8/11/26,secondary,,False,missing,missing,,,,,,
Nigeria,NGA,no,,,,,,,,,Nigeria Visa Classes,Nigeria Immigration Service,https://immigration.gov.ng/nigerian-visa,,8/11/26,primary,,False,missing,missing,,,,,,
North Macedonia,MKD,no,,,,,,,,,MIGRATION GOVERNANCE INDICATORS,International Organization for Migration (IOM),https://www.iom.int/sites/g/files/tmzbdl486/files/documents/2023-09/pub2023-048-el-mgi-montenegro.pdf,2023,8/11/26,secondary,,False,missing,missing,,,,,,
Northern Mariana Islands,MNP,no,,,,,,,,,U.S. Immigration Law in the Commonwealth of the Northern Mariana Islands (CNMI) | USCIS,U.S. Citizenship and Immigration Services,https://www.uscis.gov/laws-and-policy/other-resources/us-immigration-law-in-the-commonwealth-of-the-northern-mariana-islands-cnmi,,8/11/26,primary,,False,missing,missing,,,,,,
Norway,NOR,no,,,,,,,,,Remote work in Norway - UDI,Norwegian Directorate of Immigration (UDI),https://www.udi.no/en/word-definitions/remote-work-in-norway,,8/11/26,secondary,,False,missing,missing,,,,,,
Oman,OMN,no,,,,,,,,,WORLD MIGRATION REPORT 2024,International Organization for Migration (IOM),https://mena.iom.int/sites/g/files/tmzbdl686/files/documents/2024-05/pub2023-047-l-world-migration-report-2024_1.pdf,2024,8/11/26,secondary,,False,missing,missing,,,,,,
Pakistan,PAK,no,,,,,,,,,Work Visa | Board Of Investment,"Board of Investment, Government of Pakistan",http://invest.gov.pk/work-visa,,8/11/26,primary,,False,missing,missing,,,,,,
Palau,PLW,no,,,,,,,,,"Citizens of the RMI, FSM and Palau are Eligible to Work in the United States | USCIS",U.S. Citizenship and Immigration Services,https://www.uscis.gov/i-9-central/completing-form-i-9/federated-states-of-micronesia-republic-of-the-marshall-islands-and-palau,,8/11/26,secondary,,False,missing,missing,,,,,,
Panama,PAN,no,,,,,,,,,Glossary on Migration,International Organization for Migration,https://publications.iom.int/system/files/pdf/iml_34_glossary.pdf,,8/11/26,secondary,,False,missing,missing,,,,,,
Papua New Guinea,PNG,no,,,,,,,,2025-2026,Special Exemption Visa - ICA,Papua New Guinea Immigration and Citizenship Authority,https://ica.gov.pg/visa/specialise/special-exemption-visa,,8/11/26,primary,,False,missing,missing,,,,,,
Paraguay,PRY,no,,,,,,,,,Digital Nomad Visa Paraguay 2026: No Visa Needed — Residency Is Better,ExpatSettle,https://expatsettle.com/digital-nomad-visa-paraguay,2026,8/11/26,secondary,,False,missing,missing,,,,,,
Peru,PER,no,Digital Nomad Visa,Digital Nomad Residence Permit,,Legislative Decree 1582,11/14/23,,Announced in legislation but inactive in practice (not added to TUPA procedures manual),2023-2026,"Peru: New Law Introduces Digital Nomad Visa, Shorter Validity of Local Identification Cards, Among Other Changes","Fragomen, Del Rey, Bernsen & Loewy LLP",https://www.fragomen.com/insights/peru-new-law-introduces-digital-nomad-visa-shorter-validity-of-local-identification-cards-among-other-changes.html,11/14/23,8/11/26,secondary,,False,day,missing,2023-11-14,,,,,
Philippines,PHL,yes,Digital Nomad Visa,Digital Nomad Visa,,Executive Order (EO) No. 86,2025,2025-06,announced_but_inactive,2025-2026,Philippines Announces Digital Nomad Visa - Erickson Immigration Group,Erickson Immigration Group,https://eiglaw.com/philippines-announces-digital-nomad-visa,,8/11/26,primary,,True,year,month,2025-01-01,2025-06-01,2025,6,2026,2025
Poland,POL,no,,,,,,,,2025-2026,Your Guide on Remote Work from Poland,Immigration Poland (Secondary Source),https://www.immigration-poland.com/poland-digital-nomad-visa,,8/11/26,secondary,,False,missing,missing,,,,,,
Portugal,PRT,yes,D8 Visa (Temporary Stay Visa or Residence Visa for Digital Nomads),Digital Nomad Visa / Residence Permit,,Law No. 23/2007 (Article 53 reference found in secondary source),2022-10,2022-10,active,2022-2026,Portugal Digital Nomad Visa (D8): A 2026 Updated Guide,Lexidy,https://www.lexidy.com/visas/d8-portugal-digital-nomad-visa,2026,8/11/26,primary,,True,month,month,2022-10-01,2022-10-01,2022,10,2023,2022
Qatar,QAT,no,,,,,,,,,Digital Nomad Visa Countries - Official Requirements | TripPlugin,TripPlugin,https://tripplugin.com/digital-nomad-visa,,8/11/26,secondary,,False,missing,missing,,,,,,
Romania,ROU,yes,Long-stay visa for the digital nomad,Digital Nomad Visa,,Law 22/2022 amending Government Emergency Ordinance 194/2002,2022-01,1/14/22,active,2022-2026,Romania Digital Nomad Visa 2025 | Live & Work Remotely in Romania | Citizen Remote,Citizen Remote,https://citizenremote.com/visas/romania,,8/11/26,primary,,True,month,day,2022-01-01,2022-01-14,2022,1,2022,2022
Russian Federation,RUS,no,,,,,,,,,Digital Nomad Visa in Russia - Legal Advice at Affordable Prices!,Lawyers Russia (Private Law Firm),https://lawyersrussia.com/digital-nomad-visa-for-russia,,8/11/26,secondary,,False,missing,missing,,,,,,
Rwanda,RWA,no,,,,,,,,,Visitors visa,Rwanda Directorate General of Immigration and Emigration,https://www.migration.gov.rw/visa/visitors-visa,,8/11/26,primary,,False,missing,missing,,,,,,
Samoa,WSM,no,,,,,,,,,Visas - Samoa Ministry of Foreign Affairs and Trade,Samoa Ministry of Foreign Affairs and Trade,https://www.mfat.gov.ws/visas,,8/11/26,primary,,False,missing,missing,,,,,,
San Marino,SMR,no,,,,,,,,,Digital Nomad / Remote Worker VISA – Consolato Generale d'Italia a New York,Consolato Generale d'Italia a New York,https://consnewyork.esteri.it/en/servizi-consulari-e-visti/servizi-per-il-cittadino-straniero/visti/visas-to-enter-italy/digital-nomad-remote-worker-visa,,8/11/26,secondary,,False,missing,missing,,,,,,
Sao Tome and Principe,STP,no,,,,,,,,,Sao Tome & Principe Work Permits & Visas: Types & How to Sponsor,Playroll,https://www.playroll.com/work-permit-visas/sao-tome-principe,,8/11/26,secondary,,False,missing,missing,,,,,,
Saudi Arabia,SAU,no,,,,,,,,,Digital Nomad Visa in Saudi Arabia,LinkedIn Pulse / Secondary Blog,https://www.linkedin.com/pulse/digital-nomad-visa-saudi-arabia-amin-el-saghir-9toif,,8/11/26,secondary,,False,missing,missing,,,,,,
Senegal,SEN,no,,,,,,,,,Senegal Work Permits & Visas: Types & How to Sponsor,Playroll,https://www.playroll.com/work-permit-visas/senegal,,8/11/26,secondary,,False,missing,missing,,,,,,
Serbia,SRB,no,,,,,,,,2024-2026,Serbia Digital Nomad Visa 2026 | Lawyer Serbia,Lawyer Serbia (Secondary Source),https://lawyerserbia.com/en/serbia-digital-nomad,2026,8/11/26,secondary,,False,missing,missing,,,,,,
Seychelles,SYC,no,Visitors Workcation Program,Digital Nomad Visa / Residence Permit,https://digitalnomads.world/visas/seychelles,,,,,2026,Seychelles Digital Nomad Visa,Digital Nomad World,https://digitalnomads.world/visas/seychelles,,8/11/26,primary,,False,missing,missing,,,,,,
Sierra Leone,SLE,no,,,,,,,,,Sierra Leone Work Permits & Visas: Types & How to Sponsor,Playroll (Secondary Source),https://www.playroll.com/work-permit-visas/sierra-leone,,8/11/26,secondary,,False,missing,missing,,,,,,
Singapore,SGP,no,,,,,,,,2025-2026,Does Singapore Offer a Digital Nomad Visa? · Moveandstay,Moveandstay Editorial,https://moveandstay.com/blog/does-singapore-offer-a-digital-nomad-visa,,8/11/26,secondary,,False,missing,missing,,,,,,
Slovak Republic,SVK,no,,,,,,,,2025-2026,Employed worker in Slovakia - Migration and Home Affairs,European Commission,https://home-affairs.ec.europa.eu/policies/migration-and-asylum/eu-immigration-portal/employed-worker-slovakia_en,,8/11/26,secondary,,False,missing,missing,,,,,,
Slovenia,SVN,yes,Slovenia Digital Nomad Visa,Temporary Residence Permit,,"Aliens Act (ZTuj-2I), Article 51.a",2024-07,11/21/25,active_qualifying_policy,2024-2026,The Slovenia Digital Nomad Visa : A Comprehensive Guide for Remote Professionals,TiketVisa,https://tiketvisa.com/uz/the-slovenia-digital-nomad-visa-a-comprehensive-guide-for-remote-professionals,,8/11/26,primary,,True,month,day,2024-07-01,2025-11-21,2025,11,2026,2025
Solomon Islands,SLB,no,,,,,,,,,ilab's sweat & toil and - comply chain apps today!,U.S. Department of Labor / Government of Solomon Islands Immigration Act reference,https://www.dol.gov/sites/dolgov/files/ILAB/legacy/files/ChildLaborReport_Book.pdf,,8/11/26,secondary,,False,missing,missing,,,,,,
South Africa,ZAF,yes,Remote Working Visa,Digital Nomad Visa / Remote Working Visa,https://www.fragomen.com/insights/south-africa-digital-nomad-visa-implemented-further-details-forthcoming.html,Immigration Regulations / Ministerial Gazette,3/28/24,5/20/24,active,2024-2026,South Africa – New Work Visa Reform,KPMG,https://kpmg.com/xx/en/our-insights/gms-flash-alert/flash-alert-2024-207.html,10/9/24,8/11/26,primary,,True,day,day,2024-03-28,2024-05-20,2024,5,2025,2024
Spain,ESP,yes,Telework (Digital nomad) Visa,Digital Nomad Visa / Residence Permit,https://www.exteriores.gob.es/Consulados/washington/en/ServiciosConsulares/Paginas/Consular/Telework-visa.aspx,Startup Act (Ley de Startups),2023,2023,active,2023-2026,Telework (Digital nomad) Visa - Consular Section,"Ministry of Foreign Affairs, European Union and Cooperation, Spain",https://www.exteriores.gob.es/Consulados/washington/en/ServiciosConsulares/Paginas/Consular/Telework-visa.aspx,,8/11/26,primary,,True,year,year,2023-01-01,2023-01-01,2023,1,,2023
Sri Lanka,LKA,no,,,,,,,,,Investment Climate Statements: Custom Report Excerpts,U.S. Department of State,https://www.state.gov/report/custom/7ec665f7e5,,8/11/26,secondary,,False,missing,missing,,,,,,
St. Kitts and Nevis,KNA,no,,,,,,,,,policy brief special edition on the covid-19 pandemic,United Nations Framework Convention on Climate Change (UNFCCC),https://unfccc.int/sites/default/files/resource/COVID-19_POLICY%20BRIEF%20July%202021_Part%20B_compressed.pdf,2021-07,8/11/26,secondary,,False,missing,missing,,,,,,
St. Lucia,LCA,no,,,,,,,,,policy brief special edition on the covid-19 pandemic,UNFCCC / Alliance of Small Island States,https://unfccc.int/sites/default/files/resource/COVID-19_POLICY%20BRIEF%20July%202021_Part%20B_compressed.pdf,2021-07,8/11/26,secondary,,False,missing,missing,,,,,,
St. Vincent and the Grenadines,VCT,no,,,,,,,,,policy brief special edition on the covid-19 pandemic,UNFCCC / AOSIS,https://unfccc.int/sites/default/files/resource/COVID-19_POLICY%20BRIEF%20July%202021_Part%20B_compressed.pdf,2021-07,8/11/26,secondary,,False,missing,missing,,,,,,
Sudan,SDN,no,,,,,,,,,OVERVIEW AND COMPILATION OF U.S. TRADE ...,U.S. Government Publishing Office,https://www.govinfo.gov/content/pkg/CPRT-111WPRT63131/pdf/CPRT-111WPRT63131.pdf,,8/11/26,secondary,,False,missing,missing,,,,,,
Suriname,SUR,no,,,,,,,,2025-2026,Guide for Immigrants,Government of Suriname,https://gov.sr/wp-content/uploads/2025/07/IOM_GuideForImmigrants_A4_48p_v3_2025_03_P-web2.pdf,2025,8/11/26,primary,,False,missing,missing,,,,,,
Sweden,SWE,no,,,,,,,,,Sweden – EU country | European Union,European Union,https://european-union.europa.eu/principles-countries-history/eu-countries/sweden_en,,8/11/26,secondary,,False,missing,missing,,,,,,
Switzerland,CHE,no,,,,,,,,,Switzerland Digital Nomad Visa in July 2026 | Citizen Remote,Citizen Remote,https://citizenremote.com/visas/switzerland-digital-nomad-visa,,8/11/26,secondary,,False,missing,missing,,,,,,
Syrian Arab Republic,SYR,no,,,,,,,,,C ONTENTS MIGRATION POLICY PRACTICE,International Organization for Migration (IOM),https://publications.iom.int/system/files/pdf/pub2025-031-el-mpp-7th-issue.pdf,2025-09,8/11/26,secondary,,False,missing,missing,,,,,,
Tajikistan,TJK,no,,,,,,,,2026,Tajikistan Digital Nomad Visa Guide 2026 | Stamped Nomad,Stamped Nomad,https://www.stampednomad.com/guides/tajikistan,2026,8/11/26,secondary,,False,missing,missing,,,,,,
Tanzania,TZA,no,,,,,,,,,Tanzania Residence Permit Application,Tanzania Immigration Services,https://eservices.immigration.go.tz/online/web/permit/guidelines,2024,8/11/26,primary,,False,missing,missing,,,,,,
Thailand,THA,yes,Destination Thailand Visa (DTV),Digital Nomad Visa,https://th.usembassy.gov/thai-visas-for-americans,,2024,7/15/24,active,2024-2026,Thai Visas for Americans,U.S. Embassy & Consulate in Thailand,https://th.usembassy.gov/thai-visas-for-americans,,8/11/26,primary,,True,year,day,2024-01-01,2024-07-15,2024,7,2025,2024
Timor-Leste,TLS,no,,,,,,,,,Work Permits & Visas in Timor-Leste,Rivermate,https://rivermate.com/guides/timor-leste/work-permits-and-visas,12/2/25,8/11/26,secondary,,False,missing,missing,,,,,,
Togo,TGO,no,,,,,,,,,ilab's sweat & toil and - comply chain apps today!,U.S. Department of Labor,https://www.dol.gov/sites/dolgov/files/ILAB/legacy/files/ChildLaborReport_Book.pdf,,8/11/26,secondary,,False,missing,missing,,,,,,
Tonga,TON,no,,,,,,,,,Immigration and General Services,Ministry of Revenue and Customs of Tonga,https://www.revenue.gov.to/immigration-and-general-services,,8/11/26,primary,,False,missing,missing,,,,,,
Trinidad and Tobago,TTO,no,,,,,,,,,Ministry of Foreign and CARICOM Affairs | Visas,Government of the Republic of Trinidad & Tobago,https://foreign.gov.tt/services/visas,,8/11/26,primary,,False,missing,missing,,,,,,
Tunisia,TUN,no,,,,,,,,2026,Tunisia Digital Nomad Visa Guide | The Tunisia Guide,The Tunisia Guide (Secondary Source),https://www.thetunisiaguide.com/travel-info/digital-nomad-visa-tunisia,,8/11/26,secondary,,False,missing,missing,,,,,,
Tuvalu,TUV,no,,,,,,,,,Digital Nomad Visas for Remote Work: The Complete 2026,Deel Blog,https://www.deel.com/blog/remote-work-visas,2026,8/11/26,secondary,,False,missing,missing,,,,,,
Uganda,UGA,no,,,,,,,,2026,Uganda Work Permits & Visas: Types & How to Sponsor,Playroll,https://www.playroll.com/work-permit-visas/uganda,,8/11/26,secondary,,False,missing,missing,,,,,,
Ukraine,UKR,no,,,,,,,,2024-2026,Ukraine Work Permits & Visas: Types & How to Sponsor,Playroll,https://www.playroll.com/work-permit-visas/ukraine,,8/11/26,secondary,,False,missing,missing,,,,,,
United Arab Emirates,ARE,no,,,,,,,,,Rise of remote work across borders: opportunities and ... - PMC,National Center for Biotechnology Information (PMC),https://pmc.ncbi.nlm.nih.gov/articles/PMC11107943,,8/11/26,secondary,,False,missing,missing,,,,,,
United Kingdom,GBR,no,,,,,,,,,Migration Policy Practice,International Organization for Migration (IOM),https://publications.iom.int/system/files/pdf/pub2025-031-el-mpp-7th-issue.pdf,2025-09,8/11/26,secondary,,False,missing,missing,,,,,,
United States,USA,no,,,,,,,,2026,Remote Work in the USA: Legal FAQ for Foreign Employers & Employees,LE Global,https://leglobal.law/countries/usa/usa-remote-work-faq,,8/11/26,secondary,,False,missing,missing,,,,,,
Uruguay,URY,yes,Provisional Identity Card (Hojas de Identidad Provisoria) / Digital Nomad Permit,Digital Nomad Visa,https://www.liveinuruguay.uy/digitalnomadpermit,Introduced in May 2023,2023-05,2023-05,active,2023-2026,Uruguay Digital Nomad Visa: The Ultimate Guide 2025,Golden Harbors,https://goldenharbors.com/articles/uruguay-digital-nomad-visa,2025,8/11/26,primary,,True,month,month,2023-05-01,2023-05-01,2023,5,2024,2023
Uzbekistan,UZB,no,,,,,,,,,UNDERSTANDING THE PRE-DEPARTURE INFORMATION ECOSYSTEM,International Organization for Migration (IOM),https://kyrgyzstan.iom.int/resources/understanding-pre-departure-information-ecosystem-kazakhstan-kyrgyzstan-tajikistan-and-uzbekistan,,8/11/26,secondary,,False,missing,missing,,,,,,
Vanuatu,VUT,no,,,,,,,,,Work – Department of Immigration and Passport Services,"Department of Immigration and Passport Services, Vanuatu",https://immigration.gov.vu/work,,8/11/26,secondary,,False,missing,missing,,,,,,
"Venezuela, RB",VEN,no,,,,,,,,2026,Venezuela Implements Digital Visa Application System for Business Travel,"Envoy Global, Inc",https://www.envoyglobal.com/news-alert/venezuela-implements-digital-visa-application-system-for-business-travel,5/6/26,8/11/26,secondary,,False,missing,missing,,,,,,
Vietnam,VNM,no,,,,,,,,2026,Vietnam Digital Nomad Visa: All You Need to Know,Evolve Coliving,https://evolvecoliving.io/vietnam-digital-nomad-visa,,8/11/26,secondary,,False,missing,missing,,,,,,
Zambia,ZMB,no,,,,,,,,,Zambia Work Permits & Visas: Types & How to Sponsor,Playroll,https://www.playroll.com/work-permit-visas/zambia,,8/11/26,secondary,,False,missing,missing,,,,,,
Zimbabwe,ZWE,no,,,,,,,,,Visa Applications - Ministry of Health and Child Care,Ministry of Health and Child Care,https://www.mohcc.gov.zw?p=5634,,8/11/26,secondary,,False,missing,missing,,,,,,
